{
    "AddThis": {
        "domain": "s7.addthis.com",
        "buttonSelectors": [
            "div.addthis_toolbox:not(:empty)"
        ],
        "replacementButton": {
            "details": "<!-- AddThis Button BEGIN --> <div class='addthis_toolbox addthis_default_style addthis_32x32_style'> <a class='addthis_button_preferred_1'></a> <a class='addthis_button_preferred_2'></a> <a class='addthis_button_preferred_3'></a> <a class='addthis_button_preferred_4'></a> <a class='addthis_button_compact'></a> <a class='addthis_counter addthis_bubble_style'></a> </div> <script type='text/javascript'>var addthis_config = {'data_track_addressbar':true};</script> <script type='text/javascript' src='//s7.addthis.com/js/300/addthis_widget.js#pubid=ra-522d600d3b535ebf'></script> <!-- AddThis Button END -->",
            "unblockDomains": [
                "s7.addthis.com",
                "ct1.addthis.com",
                "api-public.addthis.com"
            ],
            "imagePath": "AddThis.svg",
            "type": 2
        }
    },
    "Apple Music": {
        "domains": [
            "embed.music.apple.com"
        ],
        "buttonSelectors": [
            "iframe[src^='https://embed.music.apple.com/']"
        ],
        "replacementButton": {
            "unblockDomains": [
                "embed.music.apple.com"
            ],
            "type": 3
        }
    },
    "BitChute": {
        "domains": [
            "www.bitchute.com"
        ],
        "buttonSelectors": [
            "iframe[src^='https://www.bitchute.com/embed/']"
        ],
        "replacementButton": {
            "unblockDomains": [
                "www.bitchute.com"
            ],
            "type": 3
        }
    },
    "Coub Player": {
        "domain": "coub.com",
        "buttonSelectors": [
            "iframe[src^='//coub.com/embed/']"
        ],
        "replacementButton": {
            "unblockDomains": [
                "coub.com"
            ],
            "type": 3
        }
    },
    "Dailymotion Player": {
        "domain": "www.dailymotion.com",
        "buttonSelectors": [
            "iframe[src^='http://www.dailymotion.com/embed/video/']",
            "iframe[src^='https://www.dailymotion.com/embed/video/']",
            "iframe[src^='//www.dailymotion.com/embed/video/']"
        ],
        "replacementButton": {
            "unblockDomains": [
                "www.dailymotion.com"
            ],
            "type": 3
        }
    },
    "Digg": {
        "domain": "widgets.digg.com",
        "buttonSelectors": [
            ".DiggThisButton"
        ],
        "replacementButton": {
            "details": "http://www.digg.com/submit?url=",
            "imagePath": "Digg.svg",
            "type": 0
        }
    },
    "Discord": {
        "domains": [
            "discord.com",
            "discordapp.com"
        ],
        "buttonSelectors": [
            "iframe[src^='https://discord.com/widget?']",
            "iframe[src^='https://discordapp.com/widget?']"
        ],
        "replacementButton": {
            "unblockDomains": [
                "discord.com",
                "discordapp.com"
            ],
            "type": 3
        }
    },
    "Disqus": {
        "domains": [
            "disqus.com",
            "*.disqus.com"
        ],
        "buttonSelectors": [
            "div#disqus_thread"
        ],
        "scriptSelectors": [
            "script[src*='.disqus.com/embed.js']"
        ],
        "replacementButton": {
            "unblockDomains": [
                "*.disqus.com",
                "disqus.com"
            ],
            "type": 4
        }
    },
    "Facebook Like": {
        "domain": "www.facebook.com",
        "buttonSelectors": [
            "fb\\:like",
            "iframe[src*='://www.facebook.com/plugins/like.php']",
            "iframe[src*='://www.facebook.com/v2.0/plugins/like.php']",
            ".fb-like"
        ],
        "replacementButton": {
            "details": "https://www.facebook.com/plugins/like.php?href=",
            "unblockDomains": [
                "www.facebook.com"
            ],
            "imagePath": "FacebookLike.svg",
            "type": 1
        }
    },
    "Facebook Page": {
        "domain": "www.facebook.com",
        "buttonSelectors": [
            "iframe[src^='https://www.facebook.com/plugins/page.php?']"
        ],
        "replacementButton": {
            "unblockDomains": [
                "www.facebook.com"
            ],
            "type": 3
        }
    },
    "Facebook Post": {
        "domain": "www.facebook.com",
        "buttonSelectors": [
            "iframe[src^='https://www.facebook.com/plugins/post.php?']"
        ],
        "replacementButton": {
            "unblockDomains": [
                "www.facebook.com"
            ],
            "type": 3
        }
    },
    "Facebook Share": {
        "domain": "www.facebook.com",
        "buttonSelectors": [
            "fb\\:share_button",
            "iframe[src*='://www.facebook.com/plugins/share_button.php']",
            "iframe[src*='://www.facebook.com/v2.0/plugins/share_button.php']",
            ".fb-share-button"
        ],
        "replacementButton": {
            "details": "https://www.facebook.com/plugins/share_button.php?href=",
            "unblockDomains": [
                "www.facebook.com"
            ],
            "imagePath": "FacebookShare.svg",
            "type": 1
        }
    },
    "Facebook Video": {
        "domain": "www.facebook.com",
        "buttonSelectors": [
            "iframe[src^='https://www.facebook.com/plugins/video.php?']"
        ],
        "replacementButton": {
            "unblockDomains": [
                "www.facebook.com"
            ],
            "type": 3
        }
    },
    "Google Maps": {
        "domains": [
            "maps.google.com",
            "www.google.com"
        ],
        "buttonSelectors": [
            "iframe[src^='https://maps.google.com/maps/']",
            "iframe[src^='https://maps.google.com/maps?']",
            "iframe[src^='https://www.google.com/maps/']"
        ],
        "noDirectLink": true,
        "replacementButton": {
            "unblockDomains": [
                "maps.google.com",
                "www.google.com"
            ],
            "type": 3
        }
    },
    "Google reCAPTCHA": {
        "domains": [
            "google.com",
            "www.google.com",
            "recaptcha.net",
            "www.recaptcha.net"
        ],
        "buttonSelectors": [
            "div.g-recaptcha",
            "div#g-recaptcha",
            "fieldset#g-recaptcha"
        ],
        "scriptSelectors": [
            "script[src^='//google.com/recaptcha/api.js']",
            "script[src^='https://google.com/recaptcha/api.js']",
            "script[src^='https://www.google.com/recaptcha/api.js']",
            "script[src^='//recaptcha.net/recaptcha/api.js']",
            "script[src^='https://recaptcha.net/recaptcha/api.js']",
            "script[src^='https://www.recaptcha.net/recaptcha/api.js']"
        ],
        "replacementButton": {
            "unblockDomains": [
                "google.com",
                "www.google.com",
                "recaptcha.net",
                "www.recaptcha.net"
            ],
            "type": 4
        }
    },
    "iHeart Player": {
        "domain": "www.iheart.com",
        "buttonSelectors": [
            "iframe[src^='https://www.iheart.com/']"
        ],
        "replacementButton": {
            "unblockDomains": [
                "www.iheart.com"
            ],
            "type": 3
        }
    },
    "LinkedIn": {
        "domain": "platform.linkedin.com",
        "buttonSelectors": [
            "script[type='in/share']"
        ],
        "replacementButton": {
            "details": "http://www.linkedin.com/shareArticle?mini=true&url=",
            "imagePath": "LinkedIn.svg",
            "type": 0
        }
    },
    "OK Video Player": {
        "domain": "ok.ru",
        "buttonSelectors": [
            "iframe[src^='https://ok.ru/videoembed/']",
            "iframe[src^='//ok.ru/videoembed/']"
        ],
        "replacementButton": {
            "unblockDomains": [
                "ok.ru"
            ],
            "type": 3
        }
    },
    "Pinterest": {
        "domain": "assets.pinterest.com",
        "buttonSelectors": [
            "script[src='//assets.pinterest.com/js/pinit.js']",
            ".pin-it-button"
        ],
        "replacementButton": {
            "details": "http://pinterest.com/pin/create/button/?url=",
            "imagePath": "Pinterest.svg",
            "type": 0
        }
    },
    "PodBean Player": {
        "domain": "www.podbean.com",
        "buttonSelectors": [
            "iframe[src^='https://www.podbean.com/media/player/']",
            "iframe[src^='https://www.podbean.com/player-v2/']"
        ],
        "replacementButton": {
            "unblockDomains": [
                "www.podbean.com"
            ],
            "type": 3
        }
    },
    "Qualtrics": {
        "domains": [
            "*.qualtrics.com"
        ],
        "buttonSelectors": [
            "iframe[src*='.qualtrics.com/jfe/form/']"
        ],
        "replacementButton": {
            "unblockDomains": [
                "*.qualtrics.com"
            ],
            "type": 3
        }
    },
    "Rumble Video Player": {
        "domain": "rumble.com",
        "buttonSelectors": [
            "iframe[src^='https://rumble.com/embed/']"
        ],
        "replacementButton": {
            "unblockDomains": [
                "rumble.com"
            ],
            "type": 3
        }
    },
    "Rutube Player": {
        "domains": [
            "rutube.ru",
            "www.rutube.ru"
        ],
        "buttonSelectors": [
            "iframe[src^='https://rutube.ru/pl/']",
            "iframe[src^='https://rutube.ru/embed/']",
            "iframe[src^='https://rutube.ru/play/embed/']",
            "iframe[src^='https://www.rutube.ru/play/embed/']"
        ],
        "replacementButton": {
            "unblockDomains": [
                "rutube.ru",
                "www.rutube.ru"
            ],
            "type": 3
        }
    },
    "SoundCloud": {
        "domain": "w.soundcloud.com",
        "buttonSelectors": [
            "iframe[src^='https://w.soundcloud.com/player']"
        ],
        "replacementButton": {
            "unblockDomains": [
                "w.soundcloud.com"
            ],
            "type": 3
        }
    },
    "Spotify Player": {
        "domains": [
            "embed.spotify.com",
            "open.spotify.com",
            "podcasters.spotify.com"
        ],
        "buttonSelectors": [
            "iframe[src^='https://embed.spotify.com/']",
            "iframe[src^='https://open.spotify.com/embed']",
            "iframe[src^='https://podcasters.spotify.com/pod/']"
        ],
        "replacementButton": {
            "unblockDomains": [
                "embed.spotify.com",
                "open.spotify.com",
                "podcasters.spotify.com"
            ],
            "type": 3
        }
    },
    "Streamable Player": {
        "domain": "streamable.com",
        "buttonSelectors": [
            "iframe[src^='https://streamable.com/']",
            "iframe[src^='//streamable.com/']"
        ],
        "replacementButton": {
            "unblockDomains": [
                "streamable.com"
            ],
            "type": 3
        }
    },
    "TikTok": {
        "domains": [
            "www.tiktok.com"
        ],
        "buttonSelectors": [
            "iframe[src^='https://www.tiktok.com/embed/']",
            "iframe[src^='//www.tiktok.com/embed/']"
        ],
        "replacementButton": {
            "unblockDomains": [
                "www.tiktok.com"
            ],
            "type": 3
        }
    },
    "Twitch Player": {
        "domain": "player.twitch.tv",
        "buttonSelectors": [
            "iframe[src^='https://player.twitch.tv/']",
            "iframe[src^='//player.twitch.tv/']"
        ],
        "replacementButton": {
            "unblockDomains": [
                "player.twitch.tv"
            ],
            "type": 3
        }
    },
    "Twitter": {
        "domain": "platform.twitter.com",
        "buttonSelectors": [
            ".twitter-share-button"
        ],
        "replacementButton": {
            "details": "https://twitter.com/intent/tweet?url=",
            "imagePath": "Twitter.svg",
            "type": 0
        }
    },
    "Vimeo": {
        "domains": [
            "player.vimeo.com",
            "vimeo.com"
        ],
        "buttonSelectors": [
            "iframe[src^='https://player.vimeo.com/video/']:not([src*='background=1'])",
            "iframe[src^='//player.vimeo.com/video/']:not([src*='background=1'])",
            "iframe[src^='https://vimeo.com/showcase/']"
        ],
        "replacementButton": {
            "unblockDomains": [
                "player.vimeo.com",
                "vimeo.com"
            ],
            "type": 3
        }
    },
    "YouTube": {
        "domains": [
            "youtube.com",
            "www.youtube.com",
            "www.youtube-nocookie.com"
        ],
        "buttonSelectors": [
            "iframe[src^='//youtube.com/embed']",
            "iframe[src^='//www.youtube.com/embed']",
            "iframe[src^='http://www.youtube.com/embed']",
            "iframe[src^='https://www.youtube.com/embed']",
            "iframe[src^='https://youtube.com/embed']",
            "iframe[src^='https://www.youtube.com/v/']",
            "iframe[src^='//www.youtube-nocookie.com/embed']",
            "iframe[src^='https://www.youtube-nocookie.com/embed']"
        ],
        "replacementButton": {
            "unblockDomains": [
                "youtube.com",
                "www.youtube.com",
                "www.youtube-nocookie.com"
            ],
            "type": 3
        }
    }
}
